{
   "Age":{
      "35-49":0.248,
      "50-74":0.50025,
      ">75":0.1478,
      "<35":0.10395
   },
   "Location":{
      "LolwOutQuad":0.2511,
      "UpOutQuad":0.2462,
      "UpInQuad":0.25195,
      "LowInQuad":0.25075
   },
   "BreastDensity":{
      "high":0.30145,
      "medium":0.4991,
      "low":0.19945
   },
   "BC":{
      "No":{
         "35-49":{
            "LolwOutQuad":0.76273,
            "UpInQuad":0.65348,
            "UpOutQuad":0.5467,
            "LowInQuad":0.68528
         },
         "<35":{
            "LowInQuad":0.96686,
            "UpInQuad":0.94687,
            "UpOutQuad":0.94653,
            "LolwOutQuad":0.98689
         },
         ">75":{
            "LolwOutQuad":0.64133,
            "UpOutQuad":0.62045,
            "UpInQuad":0.65517,
            "LowInQuad":0.71545
         },
         "50-74":{
            "LolwOutQuad":0.54921,
            "UpInQuad":0.49358,
            "UpOutQuad":0.4998,
            "LowInQuad":0.54035
         }
      },
      "Invasive":{
         "50-74":{
            "UpOutQuad":0.30329,
            "UpInQuad":0.34523,
            "LowInQuad":0.35483,
            "LolwOutQuad":0.30119
         },
         ">75":{
            "LowInQuad":0.18564,
            "LolwOutQuad":0.20133,
            "UpInQuad":0.20159,
            "UpOutQuad":0.2549
         },
         "35-49":{
            "LowInQuad":0.14159,
            "LolwOutQuad":0.14039,
            "UpOutQuad":0.19887,
            "UpInQuad":0.1606
         },
         "<35":{
            "UpInQuad":0.03226,
            "UpOutQuad":0.02376,
            "LowInQuad":0.01559,
            "LolwOutQuad":0.00749
         }
      },
      "Insitu":{
         "50-74":{
            "UpOutQuad":0.19691,
            "UpInQuad":0.16119,
            "LowInQuad":0.10483,
            "LolwOutQuad":0.1496
         },
         "35-49":{
            "UpInQuad":0.18592,
            "UpOutQuad":0.25443,
            "LowInQuad":0.17314,
            "LolwOutQuad":0.09688
         },
         ">75":{
            "UpInQuad":0.14324,
            "LolwOutQuad":0.15733,
            "UpOutQuad":0.12465,
            "LowInQuad":0.09892
         },
         "<35":{
            "UpOutQuad":0.0297,
            "UpInQuad":0.02087,
            "LolwOutQuad":0.00562,
            "LowInQuad":0.01754
         }
      }
   },
   "Metastasis":{
      "no":{
         "No":1,
         "Insitu":0.85659,
         "Invasive":0.10375
      },
      "yes":{
         "Invasive":0.89625,
         "Insitu":0.14341
      }
   },
   "LymphNodes":{
      "no":{
         "no":0.90332,
         "yes":0.15647
      },
      "yes":{
         "yes":0.84353,
         "no":0.09668
      }
   },
   "MC":{
      "No":{
         "No":0.97202,
         "Invasive":0.53081,
         "Insitu":0.48732
      },
      "Yes":{
         "Invasive":0.46919,
         "Insitu":0.51268,
         "No":0.02798
      }
   },
   "Mass":{
      "No":{
         "No":{
            "high":0.84992,
            "medium":0.89222,
            "low":0.94205
         },
         "Insitu":{
            "medium":0.25996,
            "low":0.24231,
            "high":0.20023
         },
         "Invasive":{
            "low":0.2666,
            "high":0.10515,
            "medium":0.20573
         }
      },
      "Benign":{
         "Invasive":{
            "medium":0.16358,
            "low":0.18737,
            "high":0.09668
         },
         "No":{
            "high":0.15008,
            "medium":0.10778,
            "low":0.05795
         },
         "Insitu":{
            "medium":0.39762,
            "low":0.44123,
            "high":0.40749
         }
      },
      "Malign":{
         "Invasive":{
            "medium":0.63069,
            "high":0.79817,
            "low":0.54604
         },
         "Insitu":{
            "low":0.31646,
            "medium":0.34242,
            "high":0.39227
         }
      }
   },
   "Size":{
      "<1cm":{
         "No":1,
         "Benign":0.10352,
         "Malign":0.28716
      },
      "1-3cm":{
         "Benign":0.2568,
         "Malign":0.56055
      },
      ">3cm":{
         "Benign":0.63968,
         "Malign":0.15228
      }
   },
   "Shape":{
      "Other":{
         "No":1,
         "Benign":0.05532
      },
      "Oval":{
         "Benign":0.23918,
         "Malign":0.15349
      },
      "Round":{
         "Malign":0.10491,
         "Benign":0.65297
      },
      "Irregular":{
         "Malign":0.7416,
         "Benign":0.05253
      }
   },
   "FibrTissueDev":{
      "No":{
         "No":0.65042,
         "Yes":0.25593
      },
      "Yes":{
         "No":0.34958,
         "Yes":0.74407
      }
   },
   "SkinRetract":{
      "No":{
         "No":{
            "No":0.95132,
            "Invasive":0.64397,
            "Insitu":0.75624
         },
         "Yes":{
            "No":0.65369,
            "Invasive":0.15661,
            "Insitu":0.32751
         }
      },
      "Yes":{
         "Yes":{
            "Invasive":0.84339,
            "No":0.34631,
            "Insitu":0.67249
         },
         "No":{
            "Insitu":0.24376,
            "Invasive":0.35603,
            "No":0.04868
         }
      }
   },
   "NippleDischarge":{
      "No":{
         "No":{
            "No":0.95081,
            "Invasive":0.66408,
            "Insitu":0.76873
         },
         "Yes":{
            "Invasive":0.15345,
            "No":0.66441,
            "Insitu":0.36626
         }
      },
      "Yes":{
         "No":{
            "Invasive":0.33592,
            "No":0.04919,
            "Insitu":0.23127
         },
         "Yes":{
            "Invasive":0.84655,
            "No":0.33559,
            "Insitu":0.63374
         }
      }
   },
   "Spiculation":{
      "No":{
         "No":0.85023,
         "Yes":0.25505
      },
      "Yes":{
         "Yes":0.74495,
         "No":0.14977
      }
   },
   "Margin":{
      "Well-defined":{
         "No":{
            "No":1
         },
         "Benign":{
            "No":0.74763,
            "Yes":0.35725
         },
         "Malign":{
            "No":0.2065,
            "Yes":0.05556
         }
      },
      "Ill-defined":{
         "Malign":{
            "No":0.7935,
            "Yes":0.94444
         },
         "Benign":{
            "Yes":0.64275,
            "No":0.25237
         },
         "No":{
            "Yes":1
         }
      }
   }
}
